swap_id,input_currency,input_amount,input_usd_value,intermediate_currency,intermediate_amount,intermediate_usd_value,output_currency,output_amount,output_usd_value,sender_address,receiver_address,status,commission,age_minutes,age_hours,age_days
Unknown,,0,0,,,,,0,0,"","",Status,0,0,0,0
#2951500,BTC,2951500.06961182,6793.476,,,,USDT,727.88,6729.88,"https://mempool.space/address/bc1q72s5hrtux4dh4t7h9z9m8hj7qve0h97j25e0pz","https://etherscan.io/address/0x7585bdaedd9965462395ca4a11b676edab0f75bb",Success,3.39,0,0,297
#2951170,BTC,2951170.07682537,7514.277,,,,USDT,435.29,7436.65,"https://mempool.space/address/bc1qc4749354gq44jhgrs5cdkt4qqd8ejpwh5fpp28","https://etherscan.io/address/0xf323003529a79ab6837ea28937c306d6f0276719",Success,3.74,0,0,297
#2951160,BTC,2951160.06545522,6402.166,,,,USDT,334.76,6335.92,"https://mempool.space/address/bc1q35njjtt2m3506k2d8n9xcw36xlj0sc2zpyxdgm","https://etherscan.io/address/0xa6cb3434dc421bd6c76a3e664b0a0b4c7314d987",Success,3.19,0,0,297
#2949970,BTC,2949970.04986155,4892.714,,,,USDT,831.95,4833.73,"https://mempool.space/address/bc1qukyvpy3gnyudp6ev3usnkaawcsm4ce3xmjw7h6","https://etherscan.io/address/0xda47625edcc68a91f63253ea4cd56a3711f7c44f",Success,2.43,0,0,297
#2948490,BTC,2948490.05035627,4975.804,,,,USDT,927.09,4929.32,"https://mempool.space/address/bc1qp5yjwu2zy45nk4uxcyuqaej0260m4gl6zelj23","https://etherscan.io/address/0x60d921322f7f96accf0109e21b2cc0bfa3178155",Success,2.48,0,0,297
#2946001,USDC,0,999.99,,,,BTC,990.0099656,996.4,"https://etherscan.io/address/0xac27f4903962d93a59f6bd4ea226e83e384c1c6d","https://mempool.space/address/bc1qjefeau3v2qes56d669uy2s734mt0nxmpxlfmmu",Success,999.99,0,0,297
#2945700,BTC,2945700.00500706,497.95496,,,,USDT,51494.37,494.54,"https://mempool.space/address/bc1qp5yjwu2zy45nk4uxcyuqaej0260m4gl6zelj23","https://etherscan.io/address/0x60d921322f7f96accf0109e21b2cc0bfa3178155",Success,497.95496,0,0,297
#2942151,USDC,500,1499.86,,,,BTC,860.01521497,1490.6,"https://etherscan.io/address/0xac27f4903962d93a59f6bd4ea226e83e384c1c6d","https://mempool.space/address/bc1qgspxt83rjl7qr2erj5hhc20d5mslynw52ak9u9",Success,0.75,0,0,298
#2940150,ETH,2940150.02332582,64.2764,,,,SOL,190.32338139,64.09,"https://etherscan.io/address/0x8d7458fdcb400dd7b9ca19897ea55fb0f3d9230d","https://solscan.io/account/4E3gHtmfkerJRZv1i5uVgPyJDXkfNianwoLZaxKcV1FU",Success,64.2764,0,0,298
#2937900,BTC,2937900.0821,8000.957,,,,SOL,8340.04949271,7902.06,"https://mempool.space/address/3C3Z7TgFxuYuqQUAov5Lc9bvbu8BWCw9XC","https://solscan.io/account/5vVqMzHbFh3L871fdGpwhCt1TrrEQfvrKkCpQchDEH7K",Success,3.99,0,0,298
#2937050,ETH,2937050.005,13.6913,,,,USDC,5713.54,13.55,"https://arbiscan.io/address/0x5daf465a9ccf64deb146eeae9e7bd40d6761c986","https://arbiscan.io/address/0x5daf465a9ccf64deb146eeae9e7bd40d6761c986",Success,13.6913,0,0,298
#29368013,USDC,29368013.86,13.8613,,,,ETH,780.00502326,13.75,"https://arbiscan.io/address/0x5daf465a9ccf64deb146eeae9e7bd40d6761c986","https://arbiscan.io/address/0x5daf465a9ccf64deb146eeae9e7bd40d6761c986",Success,13.8613,0,0,298
#2931340,ETH,2931340.02211247,59.8359,,,,BTC,660.00060332,58.64,"https://etherscan.io/address/0x2aa56aae0a1618c48142234d707d6cab9a641668","https://mempool.space/address/bc1qcf9l6t0d7e6l47zcjm470x34juu5w7592ru3aa",Success,59.8359,0,0,298
#2927320,BTC,2927320.01127851,1091.851,,,,USDT,80.44,1080.52,"https://mempool.space/address/bc1qvund3kt2m7rcmrnkvuxxecc7ez70rwv42zxtx5","https://etherscan.io/address/0xd3fa0201fae12c6bfb89d7de47423da852db3987",Success,0.54,0,0,298
#29195113,USDC,29195113,13.0012,,,,ETH,900.00477823,12.9,"https://arbiscan.io/address/0x5daf465a9ccf64deb146eeae9e7bd40d6761c986","https://arbiscan.io/address/0x5daf465a9ccf64deb146eeae9e7bd40d6761c986",Success,13.0012,0,0,298
#2919350,ETH,2919350.004,10.841,,,,USDC,7510.74,10.74,"https://arbiscan.io/address/0x5daf465a9ccf64deb146eeae9e7bd40d6761c986","https://arbiscan.io/address/0x5daf465a9ccf64deb146eeae9e7bd40d6761c986",Success,10.841,0,0,298
#29192316,USDC,29192316.13,16.1316,,,,USDC,1316.12,16.12,"https://arbiscan.io/address/0x5daf465a9ccf64deb146eeae9e7bd40d6761c986","https://arbiscan.io/address/0x5daf465a9ccf64deb146eeae9e7bd40d6761c986",Refunded,16.1316,0,0,298
#2918951,BTC,2918951.18,114199.16113,,,,USDC,598.74,113591.29,"https://mempool.space/address/3FKmLMkeygDkVFD63oMWskZ9qcjSuzL4HY","https://etherscan.io/address/0xe2acbaf15808badffcad0aa0dbfe90d5d2b8bf0c",Success,56.9,0,0,298
#2918500,ETH,2918500.015,40.554,,,,SOL,70.2083843,39.82,"https://etherscan.io/address/0x8d7458fdcb400dd7b9ca19897ea55fb0f3d9230d","https://solscan.io/account/4E3gHtmfkerJRZv1i5uVgPyJDXkfNianwoLZaxKcV1FU",Success,40.554,0,0,298
#2918380,ETH,2918380.005,13.5013,,,,USDC,4213.41,13.41,"https://arbiscan.io/address/0x5daf465a9ccf64deb146eeae9e7bd40d6761c986","https://arbiscan.io/address/0x5daf465a9ccf64deb146eeae9e7bd40d6761c986",Success,13.5013,0,0,298
#2918320,ETH,2918320.01,27.0226,,,,SOL,720.139464,26.61,"https://etherscan.io/address/0x8d7458fdcb400dd7b9ca19897ea55fb0f3d9230d","https://solscan.io/account/4E3gHtmfkerJRZv1i5uVgPyJDXkfNianwoLZaxKcV1FU",Success,27.0226,0,0,298
#2916760,ETH,2916760.005,13.45,,,,ETH,450.00499702,13.59,"https://arbiscan.io/address/0x5daf465a9ccf64deb146eeae9e7bd40d6761c986","https://arbiscan.io/address/0x5daf465a9ccf64deb146eeae9e7bd40d6761c986",Refunded,13.45,0,0,298
#2909780,ETH,2909780.005,13.77,,,,ETH,770.00498857,13.69,"https://arbiscan.io/address/0x5daf465a9ccf64deb146eeae9e7bd40d6761c986","https://arbiscan.io/address/0x5daf465a9ccf64deb146eeae9e7bd40d6761c986",Refunded,13.77,0,0,298
#2900110,BTC,2900110.0178,1738.791,,,,SOL,188.56696967,1725.44,"https://mempool.space/address/bc1qr85mdjy3lhj5rcyfcxpw4cufwqlx0nz8uw8ens","https://solscan.io/account/9kzEs9up9rqX2qqVgwwN6kceFrgfzqcr6YmY5b7fEpVe",Success,0.87,0,0,299
#28995320,USDC,28995320,20,,,,SOL,0.09770411,19.66,"https://etherscan.io/address/0x557c61ec8f7a675be03efe11962430ac8cff4229","https://solscan.io/account/p1FgLNEu1vXL5zeZL2oZPBYxnvxsgmS6jkWmMaBsKZE",Success,20,0,0,299
#2899060,ETH,2899060.28451019,799.57796,,,,BTC,800.0081879,797.6,"https://etherscan.io/address/0x0dc5a54e864b8f7b2b4e5072c57dc3c5ba67bfae","https://mempool.space/address/bc1qrlwl7r4zmf8vxpgzyh6hvssuy02g3jl3ktay6z",Success,799.57796,0,0,299
#2895650,ETH,2895650.0111,30.843,,,,SOL,520.15338756,30.44,"https://etherscan.io/address/0x16da0f91d05964e44237ddbf9eff4f44af972e28","https://solscan.io/account/G2nbfchJxBLykDMGeGkeCNF3Xa86HKVkhzpUbUzhukf1",Success,30.843,0,0,299
#2895190,ETH,2895190.01299573,36.0235,,,,BTC,620.00035761,34.79,"https://etherscan.io/address/0x141d9959cae3853b035000490c03991eb70fc4ac","https://mempool.space/address/bc1qzlff5kaap4cxxagegu7agftwa523fzu0q5nhau",Success,36.0235,0,0,299
#2894690,ETH,2894690.004,11.11,,,,ETH,110.00399824,11.08,"https://arbiscan.io/address/0x5daf465a9ccf64deb146eeae9e7bd40d6761c986","https://arbiscan.io/address/0x5daf465a9ccf64deb146eeae9e7bd40d6761c986",Refunded,11.11,0,0,299
#2892610,SOL,2892610.50428643,99.7199,,,,ETH,260.0360281,98.9,"https://solscan.io/account/3VSdpR6JmQwMK6jVvxH2Wwb7EfrpnLbptYM3E9y7CB1k","https://etherscan.io/address/0x9a56d3d1a6631376cc0c5dc45a1453ea0287a938",Success,99.7199,0,0,299
#2892530,BTC,2892530.02033318,1977.861,,,,USDT,954.72,1954.92,"https://mempool.space/address/bc1q4hacnexzexcyvevw00qnt7v3ldleka80n27g02","https://etherscan.io/address/0xd3fa0201fae12c6bfb89d7de47423da852db3987",Success,0.99,0,0,299
#2891560,ETH,2891560.01,27.5026,,,,BTC,830.00026483,25.88,"https://etherscan.io/address/0x1c130f0437e8731758716469965f4950c6a6c1d2","https://mempool.space/address/bc1qkxd0arjr345nrm7sujsk92sly8yttdhn2tpr9d",Success,27.5026,0,0,299
#2891153,SOL,2891153.98743956,800.97799,,,,ETH,800.28796362,799.65,"https://solscan.io/account/3VSdpR6JmQwMK6jVvxH2Wwb7EfrpnLbptYM3E9y7CB1k","https://etherscan.io/address/0x9a56d3d1a6631376cc0c5dc45a1453ea0287a938",Success,800.97799,0,0,299
#2889701,SOL,2889701.66,336.6834,,,,BTC,370.00346446,340.19,"https://solscan.io/account/7FPUvD3NDhetPHHBLfBzHxHn3a842o6iDU2c4Y3H8iSL","https://mempool.space/address/bc1qjkwhrkh68shm0jauhwpt9lkcemaamnx8pjqqwp",Success,336.6834,0,0,299
#28890715,USDT,0,15004.3114,,,,BTC,980.15204715,14950.51,"https://etherscan.io/address/0xe473601cad1f6ce2ee52e9390739f7271ea73b90","https://mempool.space/address/bc1qrwdf99sa7ufy3ucl2pqt7nxts26na639gr6vnt",Success,7.5,0,0,299
#2886146,SOL,2886146.1,1249.581,,,,USDC,246.31,1246.32,"https://solscan.io/account/HmvcgnhtRXjeD2SSWgqPYpYY4fMddvZV6wyejC5Ghy22","https://solscan.io/account/HmvcgnhtRXjeD2SSWgqPYpYY4fMddvZV6wyejC5Ghy22",Success,0.63,0,0,299
#288579400,USDC,288579400,400.00398,,,,USDC,398.81,398.82,"https://etherscan.io/address/0x16da0f91d05964e44237ddbf9eff4f44af972e28","https://solscan.io/account/G2nbfchJxBLykDMGeGkeCNF3Xa86HKVkhzpUbUzhukf1",Success,400.00398,0,0,300
#2885620,BTC,2885620.005335,525.52523,,,,USDC,67523.18,523.19,"https://mempool.space/address/bc1q0tegndjfnteqs4srcy0mfhz58cxy7u89dx42pj","https://solscan.io/account/G2nbfchJxBLykDMGeGkeCNF3Xa86HKVkhzpUbUzhukf1",Success,525.52523,0,0,300
#28802715,USDT,0,15005.3014,,,,BTC,670.15281207,14926,"https://etherscan.io/address/0xe473601cad1f6ce2ee52e9390739f7271ea73b90","https://mempool.space/address/bc1q4adg23yg4hvcj6k5csxvw2k9y0jc39zwsn8zul",Success,7.5,0,0,300
#28779688,USDT,763.02,88791.0288,,,,BTC,590.90440641,88152.39,"https://etherscan.io/address/0x87b05e69301834aa1af65e0002fb5ff18914c720","https://mempool.space/address/bc1qpkn99qnaw7678jjptwh6jmggg65az6962phh38",Success,44.34,0,0,300
#2876870,BTC,2876870.001,98.2897,,,,USDC,2897.08,97.08,"https://mempool.space/address/bc1qh954ym8l2w8zt6z34ehk9h7mlta6vcy36vzcaw","https://etherscan.io/address/0x64ab6d3d83592ca66f7b436a582623476f0cc625",Success,98.2897,0,0,300
#2872530,ETH,2872530.05,136.59135,,,,BTC,820.00137271,134.82,"https://arbiscan.io/address/0xf84153ed86d8939decf7c8ded60a3c777f1f8fbf","https://mempool.space/address/bc1q2we0nmjj3xay4gx2kf8ndyk3rx4l4nzh47mv5u",Success,136.59135,0,0,300
#287028146,SOL,287028146.1,29999.2429,,,,ETH,6010.93053044,29331.76,"https://solscan.io/account/BJfjNLxmXEzpoUEKLTtRxW2K4VNjvNvLiAnX6MEGD1Fi","https://etherscan.io/address/0x33903482b540c88fa8ed03de5298ba42aba9cc43",Success,14.96,0,0,300
#28702510,SOL,28702510,2054.732,,,,ETH,610.75746427,2035.87,"https://solscan.io/account/BJfjNLxmXEzpoUEKLTtRxW2K4VNjvNvLiAnX6MEGD1Fi","https://etherscan.io/address/0x33903482b540c88fa8ed03de5298ba42aba9cc43",Success,1.02,0,0,300
#2869240,ETH,2869240.08428039,224.40224,,,,SOL,111.09800468,223.96,"https://etherscan.io/address/0x3ec5125898a258ede74325c30a98fd18a67e298d","https://solscan.io/account/57PnfPT3B3YtKW1Y6wVjKfmgQQU9ivVCzut8dKsnz7at",Success,224.40224,0,0,300
#286756999,USDC,286756999,999.01994,,,,USDC,1994.89,994.91,"https://etherscan.io/address/0xc094d1b0c6afe22bc4b65e290455e9864eb19209","https://arbiscan.io/address/0xc094d1b0c6afe22bc4b65e290455e9864eb19209",Success,999.01994,0,0,300
#2864760,ETH,2864760.01832,51.9951,,,,BTC,500.00051242,51.11,"https://etherscan.io/address/0x49097edc220d780c9272d7fd55c0ebc42fd310a1","https://mempool.space/address/bc1q52w8tt0ptcfj0p208hvze36uwzw2p77qykj4pg",Success,51.9951,0,0,300
#2864579,USDC,0,8999.13,,,,BTC,130.09055675,9000.78,"https://etherscan.io/address/0xfad5b772424e7df59f8ca90e4f3e1f4fc138fddf","https://mempool.space/address/bc1qt8eelxj473yp56wcnx6ehgx7ykm8sysuv54wl7",Success,4.49,0,0,300
#2862390,SOL,2862390.06967022,14.9314,,,,ETH,810.00527174,14.8,"https://solscan.io/account/ETpdrEkK8n3jPLysUZCNe1LHdM76GSrbHgAtVpCvWYLp","https://arbiscan.io/address/0xac539f859cfc9ede40800345361e310b7b61d75e",Success,14.9314,0,0,300
#2849730,BTC,2849730.02,1987.011,,,,SOL,679.30466643,1945.68,"https://mempool.space/address/bc1qu3uy25vz7c6w3axhdml7pkyamemg96uec4xg0r","https://solscan.io/account/4WDxowQ9htGixxQ5qsWMkqzfQYVP4hsrQ46r8tTpGCv5",Success,0.99,0,0,301
#2847780,BTC,2847780.0031,307.00304,,,,USDC,93304.63,304.63,"https://mempool.space/address/bc1qqtkhcq2mvlnfeln59yr58y0nr8m0l5y3hkcru5","https://arbiscan.io/address/0x8d7458fdcb400dd7b9ca19897ea55fb0f3d9230d",Success,307.00304,0,0,301
#2844731,USDT,323.41,1324.491,,,,BTC,520.01342505,1322.63,"https://etherscan.io/address/0x0dc5a54e864b8f7b2b4e5072c57dc3c5ba67bfae","https://mempool.space/address/bc1qa4za3nc6s2sqs9x8dh5ed2nh898hp8tgpmawwz",Success,0.66,0,0,301
#2844510,ETH,2844510.7,1894.391,,,,SOL,119.13047617,1882.5,"https://etherscan.io/address/0xf33aebba6411abef05a8c710b215495c58447720","https://solscan.io/account/GjWEgNjEbefXJF72UKMdx6qTCXaWeiRACGCcg5o24sYA",Success,0.95,0,0,301
#2844330,BTC,2844330.00533704,527.88525,,,,USDT,90523.52,523.97,"https://mempool.space/address/bc1qd9rwtc4mtz7jj8pwp0fn8ck9mdgt4ergu9drm2","https://etherscan.io/address/0xd3fa0201fae12c6bfb89d7de47423da852db3987",Success,527.88525,0,0,301
#28393013,FLIP,266.19851,16665.9517,,,,USDC,285.6,17284.7,"https://etherscan.io/address/0x3a15885c73cca452abde1e6a8ada3d5e336e207e","https://etherscan.io/address/0x3a15885c73cca452abde1e6a8ada3d5e336e207e",Success,8.68,0,0,301
#2839143,FLIP,994,5020.755,,,,USDC,90.92,5090.79,"https://etherscan.io/address/0x3a15885c73cca452abde1e6a8ada3d5e336e207e","https://etherscan.io/address/0x3a15885c73cca452abde1e6a8ada3d5e336e207e",Success,2.55,0,0,301
#2838644,FLIP,7,5018.895,,,,USDC,361.64,5361.61,"https://etherscan.io/address/0x3a15885c73cca452abde1e6a8ada3d5e336e207e","https://etherscan.io/address/0x3a15885c73cca452abde1e6a8ada3d5e336e207e",Success,2.69,0,0,301
#2837637,FLIP,595.9154115,9696.871,,,,USDC,180.13,10179.38,"https://etherscan.io/address/0x3a15885c73cca452abde1e6a8ada3d5e336e207e","https://etherscan.io/address/0x3a15885c73cca452abde1e6a8ada3d5e336e207e",Success,5.1,0,0,301
#2829710,BTC,2829710.3,30520.56,,,,BTC,560.29997851,30533.56,"https://mempool.space/address/3QxE9g4kXHdm7VDXR8zErfkR7gF5EkieNV","https://etherscan.io/address/0x8a6be5aaddc233d43d1ea2e491640b3149274b0b",Refunded0/11,0,0,0,301
#2817470,BTC,2817470.00120014,119.44118,,,,ETH,610.04270835,116.1,"https://mempool.space/address/bc1quy3jf99ma5f27cgppxma597hy83qdya3rut73x","https://etherscan.io/address/0xd13b6756b2074c4207547622f1113c5f44201558",Success,119.44118,0,0,301
#2815741,ETH,2815741.54,4162.614,,,,BTC,110.04183826,4127.09,"https://etherscan.io/address/0x168148b70ab69e4a1b12d591faedcbe8a4226311","https://mempool.space/address/bc1qwagc0mx86ee2qn3azp674x4rt8f3hlk2ev8h7p",Success,2.07,0,0,301
#2813150,BTC,2813150.0034,332.77331,,,,USDC,74331.58,331.58,"https://mempool.space/address/bc1qgjt9egtmplhum52jfe7jq6jwdyu4rsxvedetze","https://arbiscan.io/address/0x8d7458fdcb400dd7b9ca19897ea55fb0f3d9230d",Success,332.77331,0,0,301
#2811750,BTC,2811750.0097,921.00915,,,,ETH,80.35555926,911.63,"https://mempool.space/address/bc1qyq3z2e72x0cu99jdsuqmn36ldzf6986l6zkjp9","https://etherscan.io/address/0x3a303b6e85c8d0f1d6d26e796d0a866aee963f0d",Success,921.00915,0,0,301
#2806340,ETH,2806340.1216,314.54313,,,,BTC,300.00327151,313.24,"https://etherscan.io/address/0x67a4fb82887085532689b4ea33a4ddcc1b844f14","https://mempool.space/address/bc1q4jeesgdg74q9ysm4vmqu87kl38ux0zvax2t34v",Success,314.54313,0,0,302
#2803290,BTC,2803290.04739034,4525.604,,,,USDT,472.04,4475.8,"https://mempool.space/address/bc1qd9rwtc4mtz7jj8pwp0fn8ck9mdgt4ergu9drm2","https://etherscan.io/address/0xd3fa0201fae12c6bfb89d7de47423da852db3987",Success,2.25,0,0,302
#2798920,SOL,2798920.39,74.6874,,,,ETH,550.02768766,68.38,"https://solscan.io/account/2uSw3B5Nyp1ak2b5ithURYaa3djELDaHevRccA54RWde","https://etherscan.io/address/0xeea5d30e7f29772af998c7cebcf85bab8847515f",Success,74.6874,0,0,302
#2798510,SOL,2798510.479,91.6491,,,,USDC,2891.51,91.51,"https://solscan.io/account/3x5h1hXwd4FikdfTvUB2epr8faFeVKn4DHk4XTaFErVC","https://arbiscan.io/address/0x6abade6569f03841a0d5233d23f175eeeb3253c4",Success,91.6491,0,0,302
#279507100,USDC,279507100,100.0099,,,,SOL,700.50093444,99.22,"https://arbiscan.io/address/0x6abade6569f03841a0d5233d23f175eeeb3253c4","https://solscan.io/account/3x5h1hXwd4FikdfTvUB2epr8faFeVKn4DHk4XTaFErVC",Success,100.0099,0,0,302
#279444800,USDC,279444800,800.01798,,,,BTC,210.00845991,798.22,"https://arbiscan.io/address/0x0c0bba454f81a2d2af0c7560e4fb44aefc0a4869","https://mempool.space/address/bc1qzmyzrjgk9n45452fsggc6yavg5ewmn67v5dnnj",Success,800.01798,0,0,302
#2787360,BTC,2787360.001,96.3291,,,,USDC,3291.66,91.66,"https://mempool.space/address/bc1qt8eelxj473yp56wcnx6ehgx7ykm8sysuv54wl7","https://etherscan.io/address/0xfad5b772424e7df59f8ca90e4f3e1f4fc138fddf",Success,96.3291,0,0,302
#2786430,BTC,2786430.15,14535.7314,,,,ETH,235.08778879,14387.76,"https://mempool.space/address/bc1qq3r9ppqn65082gxevnln8emae7t8vnmarzy3gf","https://etherscan.io/address/0x7c49893f3d6a4c221ba4e68770b59105d702cdda",Success,7.23,0,0,302
#2785810,BTC,2785810.093,9064.108,,,,SOL,8544.18932334,8932,"https://mempool.space/address/bc1q2rnzpry7wx9gkw79pca0285xjnnpqreckd8n7p","https://solscan.io/account/YWehWEoMtzbAKtLEFPX54ecJ2PPXHgdWG3ZE8uK1x9A",Success,4.51,0,0,302
#277606101,USDC,277606101,100.991,,,,USDC,5799.86,99.86,"https://arbiscan.io/address/0x405b1247daa5056649d8db936f4d9ea9c1c03677","https://solscan.io/account/8vxhu5JLxBqgxLxpKWXLqoCQjoc9dEC56iPuB4bttzrG",Success,100.991,0,0,302
#2775760,BTC,2775760.429,42146.8041,,,,USDC,749.56,41749.08,"https://mempool.space/address/bc1q3q0v2ullnw3jptk7cfpxzt6rpd69vykdpkjq5q","https://etherscan.io/address/0xbbfefb09727136a6c3ddd28bd4abdf259b9351c1",Success,20.97,0,0,302
#2774720,BTC,2774720.5,49590.6549,,,,USDC,88.38,49087.14,"https://mempool.space/address/bc1q4g9h7n6w700nqf7u243flzgaa5s8vtjw8t9cd5","https://etherscan.io/address/0xbbfefb09727136a6c3ddd28bd4abdf259b9351c1",Success,24.66,0,0,302
#2774620,BTC,2774620.0505,5003.104,,,,SOL,9223.5974632,4960.11,"https://mempool.space/address/3BYkNvvueyRe6DSLRm6jQUqUMpe7p41aGb","https://solscan.io/account/5vVqMzHbFh3L871fdGpwhCt1TrrEQfvrKkCpQchDEH7K",Success,2.5,0,0,302
#2773850,BTC,2773850.4238,42041.8841,,,,USDC,707.02,41705.35,"https://mempool.space/address/bc1qjkw6ayxuanfggprjxthh7c03jzvly90gn5c5gq","https://etherscan.io/address/0xbbfefb09727136a6c3ddd28bd4abdf259b9351c1",Success,20.95,0,0,302
#276891200,USDC,276891200,200.03199,,,,BTC,810.00201241,199.43,"https://arbiscan.io/address/0x9ec67887042c4344210b34957ee9f7cb7b82ba5b","https://mempool.space/address/bc1qpg58swedp8xxxgae9nuz0vxluz9j0azyf2vpkw",Success,200.03199,0,0,303
#2759720,ETH,2759720.7,2170.252,,,,BTC,990.0217056,2164.04,"https://etherscan.io/address/0x230c3acc648d90de1089c7630169c898c0058ca0","https://mempool.space/address/bc1qk000yssfvm7q8apuxw977p8esnywwwt80f6jvr",Success,1.09,0,0,303
#2758230,ETH,2758230.42120269,1299.841,,,,USDT,289.4,1289.04,"https://etherscan.io/address/0xd3fa0201fae12c6bfb89d7de47423da852db3987","https://etherscan.io/address/0xd3fa0201fae12c6bfb89d7de47423da852db3987",Success,0.65,0,0,303
#2757790,BTC,2757790.01380475,1373.251,,,,ETH,680.44441741,1369.02,"https://mempool.space/address/bc1q4nc7q6y9wdvzd5zd3pyks40qpapq2e7xmrnmyx","https://etherscan.io/address/0xd3fa0201fae12c6bfb89d7de47423da852db3987",Success,0.69,0,0,303
#2756720,ETH,2756720.63404702,1990.871,,,,USDT,973.79,1973.53,"https://etherscan.io/address/0xd3fa0201fae12c6bfb89d7de47423da852db3987","https://etherscan.io/address/0xd3fa0201fae12c6bfb89d7de47423da852db3987",Success,0.99,0,0,303
#2754860,ETH,2754860.03107569,98.1297,,,,USDT,8497.25,97.24,"https://etherscan.io/address/0xd3fa0201fae12c6bfb89d7de47423da852db3987","https://etherscan.io/address/0xd3fa0201fae12c6bfb89d7de47423da852db3987",Success,98.1297,0,0,303
#2754450,BTC,2754450.00098732,100.0799,,,,ETH,590.03145629,99.23,"https://mempool.space/address/bc1qfaa8cz5ct5m5fld0up7kg9cec5xp0e78dmgkzl","https://etherscan.io/address/0xd3fa0201fae12c6bfb89d7de47423da852db3987",Success,100.0799,0,0,303
#2752200,BTC,2752200.1,10076.391,,,,USDC,993.52,9993.28,"https://mempool.space/address/3CLmBosnvraXtg5zyJQBMo1ctaCYZ1XsRv","https://arbiscan.io/address/0xfa7f57dc1f4c09a05929e81ae60bb43413de52f8",Success,5.03,0,0,303
#2749130,BTC,2749130.23,23249.3323,,,,USDC,121.82,23122.43,"https://mempool.space/address/bc1q4lzttczw8qv7743la0zj8cm2fp39fwcwkxl2s5","https://arbiscan.io/address/0x9d237ccd1df3e7c17f9c207e07c7ef85d3ebf0cb",Success,11.62,0,0,303
#2745090,BTC,2745090.01,1016.361,,,,USDC,10.51,1010.47,"https://mempool.space/address/bc1q4lzttczw8qv7743la0zj8cm2fp39fwcwkxl2s5","https://arbiscan.io/address/0x9d237ccd1df3e7c17f9c207e07c7ef85d3ebf0cb",Success,0.51,0,0,303
#2744780,BTC,2744780.06745,6857.076,,,,ETH,382.13182311,6817.73,"https://mempool.space/address/3CbkYFufsU7ig1RfE3kJHrcdHfn2R2eGBx","https://etherscan.io/address/0xf30450a183562998750a325686d491170e22645a",Success,3.42,0,0,303
#2744490,ETH,2744490.2,643.53636,,,,SOL,282.85959741,636.86,"https://etherscan.io/address/0x049f8ec9d1c9a38f551f0bfe8a92081a6e6cd635","https://solscan.io/account/DEUeQV1WRt8pUYVUJXXtBzB5wPDD4fAND1oiEUmqmgU9",Success,643.53636,0,0,303
#2740443,FLIP,978.5764109,6920.777,,,,USDC,230.39,7230.45,"https://etherscan.io/address/0x3a15885c73cca452abde1e6a8ada3d5e336e207e","https://etherscan.io/address/0x3a15885c73cca452abde1e6a8ada3d5e336e207e",Success,3.63,0,0,303
#2739923,FLIP,353.31125953,6073.055,,,,USDC,970.65,5970.9,"https://etherscan.io/address/0x3a15885c73cca452abde1e6a8ada3d5e336e207e","https://etherscan.io/address/0x3a15885c73cca452abde1e6a8ada3d5e336e207e",Success,3,0,0,303
#2737977,FLIP,826.24760103,14278.288,,,,USDC,640.95,8640.97,"https://etherscan.io/address/0x3a15885c73cca452abde1e6a8ada3d5e336e207e","https://etherscan.io/address/0x3a15885c73cca452abde1e6a8ada3d5e336e207e",Partially Refunded4/7,4.34,0,0,303
#2737920,BTC,2737920.0028,286.05285,,,,ETH,270.08725295,284.13,"https://mempool.space/address/bc1qlxeeyd0u8ea9l9ylgga7q754kg9l9krg4jw2hn","https://etherscan.io/address/0x0c4b8ac760fc57fa3b31e9599e10b75aaa75ec21",Success,286.05285,0,0,303
#2737835,FLIP,832.61809047,10602.6711,,,,USDC,537.23,11537.27,"https://etherscan.io/address/0x3a15885c73cca452abde1e6a8ada3d5e336e207e","https://etherscan.io/address/0x3a15885c73cca452abde1e6a8ada3d5e336e207e",Success,5.8,0,0,303
#2737377,FLIP,937.50620863,14594.4216,,,,USDC,19.72,16019.58,"https://etherscan.io/address/0x3a15885c73cca452abde1e6a8ada3d5e336e207e","https://etherscan.io/address/0x3a15885c73cca452abde1e6a8ada3d5e336e207e",Success,8.05,0,0,303
#2736050,BTC,2736050.00201803,205.90205,,,,ETH,250.06275816,204.5,"https://mempool.space/address/bc1qua3p9t2h4x78zw853ywf88t0a38xgh7nwdeh76","https://etherscan.io/address/0x0c4b8ac760fc57fa3b31e9599e10b75aaa75ec21",Success,205.90205,0,0,303
#2732944,USDC,180.34,4180.27,,,,BTC,270.04072906,4158.79,"https://etherscan.io/address/0x9384ea77234c3d0fc78d0bb689eed97ac0a01ba9","https://mempool.space/address/bc1qxhspp6qfycwcqwxlxvmjpawlwjs6a2thxc2lqr",Success,2.09,0,0,303
#2730770,ETH,2730770.02,64.7964,,,,BTC,100.0006211,63.25,"https://etherscan.io/address/0x0c4b8ac760fc57fa3b31e9599e10b75aaa75ec21","https://mempool.space/address/bc1qjlhgnumzcc7mkpva750knxdpukyzhvru47hnht",Success,64.7964,0,0,303
#2714310,ETH,2714310.91232829,3005.462,,,,FLIP,656.30997622,2980.99,"https://etherscan.io/address/0xff96f5a883667a96ed2dd8b6220861a47795dab0","https://etherscan.io/address/0xff96f5a883667a96ed2dd8b6220861a47795dab0",Success,1.5,0,0,304
#27038530,USDC,27038530,30,,,,SOL,0.12650823,29.02,"https://etherscan.io/address/0xc094d1b0c6afe22bc4b65e290455e9864eb19209","https://solscan.io/account/2z7nuiKqAyzTXskRtnu6w41v6gCKZpb731VqGKTk9nMU",Success,30,0,0,304